{
  "urls": [
    "ch2.ogg",
    "ch2.m4a"
  ],
  "sprite": {
    "silence": [
      0,
      1000,
      true
    ],
    "BetUp": [
      1050,
      1180.7709750566892
    ],
    "BuyButton": [
      3100,
      1999.9999999999995
    ],
    "NumberMatch": [
      5149.999999999999,
      3134.69387755102
    ],
    "SpinLoop": [
      9200,
      801.4739229024937
    ]
  }
}