{
  "urls": [
    "ch3.ogg",
    "ch3.m4a"
  ],
  "sprite": {
    "silence": [
      0,
      1000,
      true
    ],
    "BetMax": [
      1050,
      1846.1678004535147
    ],
    "LuckyNumberSelect_1": [
      3100,
      1198.1859410430834
    ],
    "SpinStop": [
      5149.999999999999,
      3003.310657596372
    ],
    "YourNumberSelect_1": [
      9200,
      2440.136054421769
    ]
  }
}