{
  "urls": [
    "ch5.ogg",
    "ch5.m4a"
  ],
  "sprite": {
    "silence": [
      0,
      1000,
      true
    ],
    "LuckyNumberSelect_3": [
      1050,
      1274.036281179138
    ],
    "WheelBonusTransition": [
      3099.9999999999995,
      3174.671201814059
    ],
    "YourNumberSelect_3": [
      7149.999999999999,
      2815.3741496598645
    ]
  }
}