{
  "urls": [
    "ch6.ogg",
    "ch6.m4a"
  ],
  "sprite": {
    "silence": [
      0,
      1000,
      true
    ],
    "LuckyNumberSelect_4": [
      1050,
      1385.2607709750566
    ],
    "WheelBonusTriggered": [
      3100,
      3001.678004535147
    ],
    "YourNumberSelect_4": [
      7149.999999999999,
      2688.321995464853
    ],
    "YourNumberSelect_RevealAll": [
      10200,
      2997.936507936508
    ]
  }
}