{
  "urls": [
    "ch11.ogg",
    "ch11.m4a"
  ],
  "sprite": {
    "silence": [
      0,
      1000,
      true
    ],
    "NumberMatch": [
      1050,
      3134.6938775510207
    ],
    "PrizeWin": [
      5100.000000000001,
      3461.156462585035
    ]
  }
}