{
  "urls": [
    "ch4.ogg",
    "ch4.m4a"
  ],
  "sprite": {
    "silence": [
      0,
      1000,
      true
    ],
    "LuckyNumberSelect_2": [
      1050,
      1238.9342403628116
    ],
    "Transition": [
      3099.9999999999995,
      3174.671201814059
    ],
    "UI_Click": [
      7149.999999999999,
      648.9795918367349
    ],
    "YourNumberSelect_2": [
      8200,
      3703.4693877551026
    ]
  }
}