{
  "urls": [
    "ch1.ogg",
    "ch1.m4a"
  ],
  "sprite": {
    "silence": [
      0,
      1000,
      true
    ],
    "BackgroundMusicTerm_LOSE": [
      1050,
      7483.242630385487
    ],
    "BackgroundMusicTerm_WIN": [
      9100,
      7483.242630385488
    ],
    "BetDown": [
      17150.000000000004,
      1010.3174603174593
    ],
    "Collect": [
      19200.000000000004,
      2034.5804988662123
    ],
    "NumberMatch": [
      22250.000000000004,
      3134.693877551019
    ],
    "SpinButton": [
      26300,
      1497.5510204081636
    ]
  }
}