{
  "urls": [
    "ch7.ogg",
    "ch7.m4a"
  ],
  "sprite": {
    "silence": [
      0,
      1000,
      true
    ],
    "LuckyNumberSelect_5": [
      1050,
      1526.3718820861675
    ],
    "PrizeBonusReveal": [
      3099.9999999999995,
      1903.1972789115646
    ],
    "WheelBonusReveal": [
      5149.999999999999,
      1994.1496598639458
    ],
    "YourNumberSelect_5": [
      7199.999999999999,
      2838.1632653061215
    ]
  }
}